<?xml version="1.0" encoding="UTF-8"?>
<!DOCTYPE hibernate-configuration PUBLIC
        "-//Hibernate/Hibernate Configuration DTD 3.0//EN"
        "http://www.hibernate.org/dtd/hibernate-configuration-3.0.dtd">

<hibernate-configuration>
    <session-factory>
        
        <property name="connection.driver_class">oracle.jdbc.driver.OracleDriver</property>
        <property name="connection.url">jdbc:oracle:thin:@192.168.1.47:1522:XE</property>
        <property name="connection.username">hr</property>
        <property name="connection.password">HR</property>
        
        <property name="dialect">org.hibernate.dialect.Oracle12cDialect</property>
        <property name="show_sql">true</property>
        <property name="format_sql">true</property>
        <property name="hbm2ddl.auto">update</property>
         <mapping class="assessment3.model.Medicine" />
        <mapping class="assessment3.model.Patient" />
         <mapping class="assessment3.model.PatientDao" />
          <mapping class="assessment3.model.Prescription" />
        
        </session-factory>
</hibernate-configuration>